Ticker,Asset Name,Transaction Date,Disclosure Date,Type,Amount Range,Insider Title,Min Amount,Max Amount,Midpoint Amount,Stock Price at Trade,Stock Price 90D Later,Market (SPY) 90D Return,Stock 90D Return,Abnormal Alpha Return
NVDA,NVIDIA Corporation,2020-10-16,10/16/2020,PURCHASE,"$1,001 - $15,000",Senator,1001,15000,8000.5,13.751924514770508,13.147194862365723,0.09439750342902153,-0.04397418352284178,-0.1383716869518633
NVDA,NVIDIA Corporation,2020-10-16,10/16/2020,PURCHASE,"$1,001 - $15,000",Senator,1001,15000,8000.5,13.751924514770508,13.147194862365723,0.09439750342902153,-0.04397418352284178,-0.1383716869518633
NVDA,NVIDIA Corporation,2020-10-16,10/16/2020,PURCHASE,"$1,001 - $15,000",Senator,1001,15000,8000.5,13.751924514770508,13.147194862365723,0.09439750342902153,-0.04397418352284178,-0.1383716869518633
AAPL,Apple Inc.,2020-09-17,09/17/2020,PURCHASE,"$1,001 - $15,000",Senator,1001,15000,8000.5,107.02687072753906,124.18623352050781,0.10663337307224977,0.1603276137695529,0.053694240697303136
NVDA,NVIDIA Corporation,2020-09-14,09/14/2020,PURCHASE,"$15,001 - $50,000",Senator,15001,50000,32500.5,12.816727638244629,12.960949897766113,0.08658698684805195,0.01125265852503026,-0.0753343283230217
AAPL,Apple Inc.,2020-09-11,09/11/2020,PURCHASE,"$1,001 - $15,000",Senator,1001,15000,8000.5,108.63704681396484,119.74578857421875,0.10219123207589263,0.10225555725273934,6.432517684670791e-05
AAPL,Apple Inc.,2020-09-09,09/09/2020,PURCHASE,"$15,001 - $50,000",Senator,15001,50000,32500.5,113.79730987548828,120.85346984863281,0.09376897794440416,0.06200638645030408,-0.03176259149410007
NFLX,"Netflix, Inc.",2020-09-04,09/04/2020,PURCHASE,"$50,001 - $100,000",Senator,50001,100000,75000.5,51.60499954223633,49.75199890136719,0.07469387383957232,-0.03590738605379784,-0.11060125989337016
NVDA,NVIDIA Corporation,2020-09-04,09/04/2020,PURCHASE,"$50,001 - $100,000",Senator,50001,100000,75000.5,12.5680570602417,13.342159271240234,0.07469387383957232,0.061592830720618025,-0.013101043118954298
AAPL,Apple Inc.,2020-09-03,09/03/2020,PURCHASE,"$15,001 - $50,000",Senator,15001,50000,32500.5,117.25041198730469,119.59033203125,0.0662099186120099,0.01995660402624997,-0.04625331458575992
AAPL,Apple Inc.,2020-09-02,09/02/2020,PURCHASE,"$50,001 - $100,000",Senator,50001,100000,75000.5,127.45452880859375,119.24053955078125,0.027355961852253682,-0.06444642912726899,-0.09180239097952267
AAPL,Apple Inc.,2020-09-09,09/09/2020,PURCHASE,"$15,001 - $50,000",Senator,15001,50000,32500.5,113.79730987548828,120.85346984863281,0.09376897794440416,0.06200638645030408,-0.03176259149410007
AAPL,Apple Inc.,2020-09-03,09/03/2020,PURCHASE,"$15,001 - $50,000",Senator,15001,50000,32500.5,117.25041198730469,119.59033203125,0.0662099186120099,0.01995660402624997,-0.04625331458575992
AAPL,Apple Inc.,2020-09-02,09/02/2020,PURCHASE,"$50,001 - $100,000",Senator,50001,100000,75000.5,127.45452880859375,119.24053955078125,0.027355961852253682,-0.06444642912726899,-0.09180239097952267
AAPL,Apple Inc.,2020-08-27,08/27/2020,PURCHASE,"$50,001 - $100,000",Senator,50001,100000,75000.5,121.25640869140625,112.74021911621094,0.04530677926838376,-0.07023290287995208,-0.11553968214833585
AAPL,Apple Inc.,2020-08-27,08/27/2020,PURCHASE,"$1,001 - $15,000",Senator,1001,15000,8000.5,121.25640869140625,112.74021911621094,0.04530677926838376,-0.07023290287995208,-0.11553968214833585
AAPL,Apple Inc.,2020-08-03,08/03/2020,PURCHASE,"$50,001 - $100,000",Senator,50001,100000,75000.5,105.47633361816406,105.59133911132812,-0.0028676430346823343,0.0010903440536755387,0.003957987088357873
NFLX,"Netflix, Inc.",2020-08-20,08/20/2020,PURCHASE,"$1,001 - $15,000",Senator,1001,15000,8000.5,49.790000915527344,48.17900085449219,0.05742668746450739,-0.03235589538888229,-0.08978258285338968
NFLX,"Netflix, Inc.",2020-08-20,08/20/2020,PURCHASE,"$1,001 - $15,000",Senator,1001,15000,8000.5,49.790000915527344,48.17900085449219,0.05742668746450739,-0.03235589538888229,-0.08978258285338968
NFLX,"Netflix, Inc.",2020-08-20,08/20/2020,PURCHASE,"$1,001 - $15,000",Senator,1001,15000,8000.5,49.790000915527344,48.17900085449219,0.05742668746450739,-0.03235589538888229,-0.08978258285338968
NVDA,NVIDIA Corporation,2020-08-21,08/21/2020,PURCHASE,"$50,001 - $100,000",Senator,50001,100000,75000.5,12.62501335144043,13.382278442382812,0.058124565735217716,0.05998132990932512,0.001856764174107406
NVDA,NVIDIA Corporation,2020-08-19,08/19/2020,PURCHASE,"$15,001 - $50,000",Senator,15001,50000,32500.5,12.08253002166748,13.36435604095459,0.07363990792444301,0.1060892062331667,0.03244929830872369
AAPL,Apple Inc.,2020-08-07,08/07/2020,PURCHASE,"$50,001 - $100,000",Senator,50001,100000,75000.5,107.77619171142578,115.45596313476562,0.05102674215545579,0.07125665976306417,0.02022991760760838
NVDA,NVIDIA Corporation,2020-07-30,07/30/2020,PURCHASE,"$50,001 - $100,000",Senator,50001,100000,75000.5,10.565059661865234,12.57253646850586,0.012370828833359144,0.1900109295063091,0.17764010067294997
NFLX,"Netflix, Inc.",2020-07-15,07/15/2020,PURCHASE,"$1,001 - $15,000",Senator,1001,15000,8000.5,52.32600021362305,55.409000396728516,0.09222129602096803,0.0589190874616633,-0.03330220855930473
NFLX,"Netflix, Inc.",2020-07-13,07/13/2020,PURCHASE,"$1,001 - $15,000",Senator,1001,15000,8000.5,52.54999923706055,53.944000244140625,0.10608096963920086,0.026527136580755038,-0.07955383305844582
AAPL,Apple Inc.,2020-07-06,07/06/2020,PURCHASE,"$50,001 - $100,000",Senator,50001,100000,75000.5,90.49300384521484,109.62641906738281,0.057171675046629386,0.21143529785899265,0.15426362281236328
NVDA,NVIDIA Corporation,2020-07-06,07/06/2020,PURCHASE,"$15,001 - $50,000",Senator,15001,50000,32500.5,9.7938814163208,13.00590705871582,0.057171675046629386,0.32796248043624554,0.27079080538961614
AAPL,Apple Inc.,2020-07-13,07/13/2020,PURCHASE,"$15,001 - $50,000",Senator,15001,50000,32500.5,92.44400024414062,113.45782470703125,0.10608096963920086,0.2273140972631433,0.12123312762394245
AAPL,Apple Inc.,2020-07-15,07/15/2020,PURCHASE,"$15,001 - $50,000",Senator,15001,50000,32500.5,94.6200942993164,117.46379852294922,0.09222129602096803,0.2414255068418152,0.14920421082084717
AAPL,Apple Inc.,2020-07-20,07/20/2020,PURCHASE,"$15,001 - $50,000",Senator,15001,50000,32500.5,95.23248291015625,115.44624328613281,0.07511152468205541,0.2122569921341495,0.1371454674520941
NVDA,NVIDIA Corporation,2020-07-27,07/27/2020,PURCHASE,"$15,001 - $50,000",Senator,15001,50000,32500.5,10.373443603515625,13.531631469726562,0.07408003195520366,0.30444932145200154,0.23036928949679789
AAPL,Apple Inc.,2020-06-26,06/26/2020,PURCHASE,"$15,001 - $50,000",Senator,15001,50000,32500.5,85.5986099243164,104.97054290771484,0.08246950509041841,0.2263113034256805,0.14384179833526212
NFLX,"Netflix, Inc.",2020-06-26,06/26/2020,PURCHASE,"$15,001 - $50,000",Senator,15001,50000,32500.5,44.34000015258789,47.30799865722656,0.08246950509041841,0.06693726870601839,-0.015532236384400017
NVDA,NVIDIA Corporation,2020-06-26,06/26/2020,PURCHASE,"$15,001 - $50,000",Senator,15001,50000,32500.5,9.112784385681152,12.294740676879883,0.08246950509041841,0.34917497841806877,0.2667054733276504
AAPL,Apple Inc.,2020-06-24,06/24/2020,PURCHASE,"$15,001 - $50,000",Senator,15001,50000,32500.5,87.15504455566406,108.45276641845703,0.09053989184182207,0.2443659110195345,0.15382601917771244
NVDA,NVIDIA Corporation,2020-06-24,06/24/2020,PURCHASE,"$15,001 - $50,000",Senator,15001,50000,32500.5,9.192913055419922,12.58323860168457,0.09053989184182207,0.36879773863038917,0.27825784678856713
AAPL,Apple Inc.,2020-06-23,06/23/2020,PURCHASE,"$50,001 - $100,000",Senator,50001,100000,75000.5,88.72113800048828,106.77468872070312,0.052007517378122696,0.2034864647488571,0.1514789473707344
MMM,3M Company,2020-06-23,06/23/2020,PURCHASE,"$50,001 - $100,000",Senator,50001,100000,75000.5,106.8084487915039,110.18427276611328,0.052007517378122696,0.031606338382454864,-0.020401178995667832
NFLX,"Netflix, Inc.",2020-06-03,06/03/2020,PURCHASE,"$50,001 - $100,000",Senator,50001,100000,75000.5,42.196998596191406,55.654998779296875,0.134446630006234,0.31893264049164277,0.18448601048540877
NVDA,NVIDIA Corporation,2020-06-12,06/12/2020,PURCHASE,"$50,001 - $100,000",Senator,50001,100000,75000.5,8.891311645507812,12.258646965026855,0.10239395311352201,0.3787219989325572,0.2763280458190352
NVDA,NVIDIA Corporation,2020-05-26,05/26/2020,PURCHASE,"$100,001 - $250,000",Senator,100001,250000,175000.5,8.673592567443848,12.661595344543457,0.15162842977413987,0.459786731517514,0.3081583017433741
ICE,"Intercontinental Exchange, Inc.",2020-05-20,05/20/2020,PURCHASE,"$1,000,001 - $5,000,000",Senator,1000001,5000000,3000000.5,86.26103973388672,96.66116333007812,0.14548974308531895,0.12056571110521672,-0.024924031980102235
NVDA,NVIDIA Corporation,2020-04-21,04/21/2020,PURCHASE,"$50,001 - $100,000",Senator,50001,100000,75000.5,6.703622817993164,10.462285995483398,0.19303852903010316,0.5606913275910488,0.3676527985609456
NFLX,"Netflix, Inc.",2020-04-09,04/09/2020,PURCHASE,"$50,001 - $100,000",Senator,50001,100000,75000.5,37.071998596191406,50.27799987792969,0.14152175926136407,0.356225770981093,0.21470401171972892
AAPL,Apple Inc.,2020-04-08,04/08/2020,PURCHASE,"$1,001 - $15,000",Senator,1001,15000,8000.5,64.2302474975586,90.21223449707031,0.15009607629745514,0.40451326301520635,0.2544171867177512
AAPL,Apple Inc.,2020-04-27,04/27/2020,PURCHASE,"$15,001 - $50,000",Senator,15001,50000,32500.5,68.35822296142578,89.67241668701172,0.12277324686672968,0.3118014600469271,0.1890282131801974
AAPL,Apple Inc.,2020-04-08,04/08/2020,PURCHASE,"$1,001 - $15,000",Senator,1001,15000,8000.5,64.2302474975586,90.21223449707031,0.15009607629745514,0.40451326301520635,0.2544171867177512
NFLX,"Netflix, Inc.",2020-04-16,04/16/2020,PURCHASE,"$15,001 - $50,000",Senator,15001,50000,32500.5,43.91699981689453,52.32600021362305,0.1582453790183172,0.19147483734746465,0.03322945832914745
NFLX,"Netflix, Inc.",2020-03-26,03/26/2020,PURCHASE,"$15,001 - $50,000",Senator,15001,50000,32500.5,36.29899978637695,45.78499984741211,0.16932671464031898,0.26132951642913477,0.09200280178881579
ICE,"Intercontinental Exchange, Inc.",2020-02-26,02/26/2020,PURCHASE,"$1,000,001 - $5,000,000",Senator,1000001,5000000,3000000.5,86.3268051147461,86.98104095458984,-0.03422560061770697,0.007578594377194151,0.04180419499490112
ICE,"Intercontinental Exchange, Inc.",2020-02-18,02/18/2020,PURCHASE,"$5,000,001 - $25,000,000",Senator,5000001,25000000,15000000.5,88.47900390625,88.61488342285156,-0.11877582479773165,0.0015357261113103943,0.12031155090904204
AAPL,Apple Inc.,2020-03-24,03/24/2020,PURCHASE,"$15,001 - $50,000",Senator,15001,50000,32500.5,59.59770202636719,86.8669662475586,0.28310449747083355,0.4575556320800247,0.17445113460919115
NFLX,"Netflix, Inc.",2020-03-06,03/06/2020,PURCHASE,"$100,001 - $250,000",Senator,100001,250000,175000.5,36.89699935913086,41.43299865722656,0.052883856736735166,0.12293680724400653,0.07005295050727137
AAPL,Apple Inc.,2020-03-20,03/20/2020,PURCHASE,"$15,001 - $50,000",Senator,15001,50000,32500.5,55.33934020996094,85.1386947631836,0.3626750129288994,0.538484095404138,0.17580908247523858
NFLX,"Netflix, Inc.",2020-03-06,03/06/2020,PURCHASE,"$100,001 - $250,000",Senator,100001,250000,175000.5,36.89699935913086,41.43299865722656,0.052883856736735166,0.12293680724400653,0.07005295050727137
NVDA,NVIDIA Corporation,2020-03-06,03/06/2020,PURCHASE,"$50,001 - $100,000",Senator,50001,100000,75000.5,6.617311000823975,8.726076126098633,0.052883856736735166,0.31867402408804407,0.2657901673513089
AAPL,Apple Inc.,2020-03-06,03/06/2020,PURCHASE,"$15,001 - $50,000",Senator,15001,50000,32500.5,69.77287292480469,78.01980590820312,0.052883856736735166,0.11819683836562507,0.0653129816288899
MMM,3M Company,2020-03-09,03/09/2020,PURCHASE,"$1,001 - $15,000",Senator,1001,15000,8000.5,96.52630615234375,113.28437042236328,0.1713445599190173,0.17361137018514852,0.002266810266131236
NVDA,NVIDIA Corporation,2020-02-11,02/11/2020,PURCHASE,"$15,001 - $50,000",Senator,15001,50000,32500.5,6.6593451499938965,8.02464771270752,-0.12241245029718581,0.20502054360628452,0.32743299390347036
NFLX,"Netflix, Inc.",2020-01-13,01/13/2020,PURCHASE,"$15,001 - $50,000",Senator,15001,50000,32500.5,33.891998291015625,37.071998596191406,-0.14671159374438833,0.09382746564161024,0.24053905938599857
NFLX,"Netflix, Inc.",2020-01-10,01/10/2020,PURCHASE,"$15,001 - $50,000",Senator,15001,50000,32500.5,32.904998779296875,37.071998596191406,-0.14084327086444673,0.12663728829907506,0.26748055916352176
NVDA,NVIDIA Corporation,2019-10-01,10/01/2019,PURCHASE,"$1,001 - $15,000",Senator,1001,15000,8000.5,4.322189807891846,5.775128364562988,0.10032256228777137,0.33615797113265034,0.23583540884487897
NFLX,"Netflix, Inc.",2019-10-31,10/31/2019,PURCHASE,"$1,001 - $15,000",Senator,1001,15000,8000.5,28.740999221801758,34.316001892089844,0.08207469182504064,0.19397386386132026,0.11189917203627962
NFLX,"Netflix, Inc.",2019-10-01,10/01/2019,PURCHASE,"$1,001 - $15,000",Senator,1001,15000,8000.5,26.95800018310547,32.33100128173828,0.10032256228777137,0.19931007723636945,0.09898751494859809
AAPL,Apple Inc.,2019-10-03,10/03/2019,PURCHASE,"$15,001 - $50,000",Senator,15001,50000,32500.5,53.02132034301758,70.72029876708984,0.11370585649844567,0.33380870769663995,0.22010285119819428
NFLX,"Netflix, Inc.",2019-09-24,09/24/2019,PURCHASE,"$50,001 - $100,000",Senator,50001,100000,75000.5,25.458999633789062,33.310001373291016,0.0910174498402662,0.3083782494376622,0.21736079959739596
NFLX,"Netflix, Inc.",2019-08-14,08/14/2019,PURCHASE,"$1,001 - $15,000",Senator,1001,15000,8000.5,29.910999298095703,29.201000213623047,0.09343802603959622,-0.023737056639156106,-0.11717508267875233
AAPL,Apple Inc.,2018-12-07,12/07/2018,PURCHASE,"$1,001 - $15,000",Senator,1001,15000,8000.5,39.97712326049805,41.10409927368164,0.04949690668743044,0.028190523010873433,-0.021306383676557007
NFLX,"Netflix, Inc.",2018-08-23,08/23/2018,PURCHASE,"$1,001 - $15,000",Senator,1001,15000,8000.5,33.91699981689453,26.21299934387207,-0.06847780544513939,-0.2271427459567043,-0.15866494051156493
AAPL,Apple Inc.,2018-10-24,10/24/2018,PURCHASE,"$1,001 - $15,000",Senator,1001,15000,8000.5,50.85630798339844,36.37302780151367,-0.003486466622531613,-0.28478827418248087,-0.28130180755994927
NVDA,NVIDIA Corporation,2019-05-17,05/17/2019,PURCHASE,"$1,001 - $15,000",Senator,1001,15000,8000.5,3.8799588680267334,3.6918184757232666,0.0006807351940095302,-0.04849030587768862,-0.04917104107169815
AAPL,Apple Inc.,2018-12-19,12/19/2018,PURCHASE,"$1,001 - $15,000",Senator,1001,15000,8000.5,38.173892974853516,44.44721984863281,0.13547817668672496,0.16433552841759572,0.028857351730870756
AAPL,Apple Inc.,2018-12-06,12/06/2018,PURCHASE,"$1,001 - $15,000",Senator,1001,15000,8000.5,41.455291748046875,41.58542251586914,0.03375885810557391,0.003139062887632352,-0.030619795217941562
AAPL,Apple Inc.,2018-12-19,12/19/2018,PURCHASE,"$1,001 - $15,000",Senator,1001,15000,8000.5,38.173892974853516,44.44721984863281,0.13547817668672496,0.16433552841759572,0.028857351730870756
AAPL,Apple Inc.,2018-12-06,12/06/2018,PURCHASE,"$1,001 - $15,000",Senator,1001,15000,8000.5,41.455291748046875,41.58542251586914,0.03375885810557391,0.003139062887632352,-0.030619795217941562
AAPL,Apple Inc.,2019-01-25,01/25/2019,PURCHASE,"$1,001 - $15,000",Senator,1001,15000,8000.5,37.43122863769531,48.915061950683594,0.10368113624963483,0.30679819313821366,0.20311705688857884
AAPL,Apple Inc.,2019-01-03,01/03/2019,PURCHASE,"$1,001 - $15,000",Senator,1001,15000,8000.5,33.73701095581055,46.54888916015625,0.1780094129190442,0.3797573596880581,0.20174794676901392
AAPL,Apple Inc.,2019-01-04,01/04/2019,PURCHASE,"$50,001 - $100,000",Senator,50001,100000,75000.5,35.17719650268555,46.629905700683594,0.14285382170176542,0.32557197095350415,0.18271814925173874
NVDA,NVIDIA Corporation,2018-12-28,12/28/2018,PURCHASE,"$1,001 - $15,000",Senator,1001,15000,8000.5,3.3094146251678467,4.393552303314209,0.13802822797070186,0.32759197650895044,0.1895637485382486
AAPL,Apple Inc.,2018-11-27,11/27/2018,PURCHASE,"$1,001 - $15,000",Senator,1001,15000,8000.5,41.341400146484375,41.51632308959961,0.04751224385199401,0.004231180910550501,-0.043281062941443516
AAPL,Apple Inc.,2018-11-27,11/27/2018,PURCHASE,"$1,001 - $15,000",Senator,1001,15000,8000.5,41.341400146484375,41.51632308959961,0.04751224385199401,0.004231180910550501,-0.043281062941443516
AAPL,Apple Inc.,2018-11-27,11/27/2018,PURCHASE,"$1,001 - $15,000",Senator,1001,15000,8000.5,41.341400146484375,41.51632308959961,0.04751224385199401,0.004231180910550501,-0.043281062941443516
AAPL,Apple Inc.,2018-11-27,11/27/2018,PURCHASE,"$1,001 - $15,000",Senator,1001,15000,8000.5,41.341400146484375,41.51632308959961,0.04751224385199401,0.004231180910550501,-0.043281062941443516
AAPL,Apple Inc.,2018-11-27,11/27/2018,PURCHASE,"$1,001 - $15,000",Senator,1001,15000,8000.5,41.341400146484375,41.51632308959961,0.04751224385199401,0.004231180910550501,-0.043281062941443516
NVDA,NVIDIA Corporation,2018-10-23,10/23/2018,PURCHASE,"$1,001 - $15,000",Senator,1001,15000,8000.5,5.468371391296387,3.885868549346924,-0.020445073104515894,-0.2893919832270754,-0.2689469101225595
AAPL,Apple Inc.,2018-08-28,08/28/2018,PURCHASE,"$15,001 - $50,000",Senator,15001,50000,32500.5,51.94630432128906,41.43156433105469,-0.07315490491879914,-0.20241555443868484,-0.1292606495198857
NVDA,NVIDIA Corporation,2018-08-28,08/28/2018,PURCHASE,"$15,001 - $50,000",Senator,15001,50000,32500.5,6.7836408615112305,3.7860047817230225,-0.07315490491879914,-0.441891919248863,-0.3687370143300639
NFLX,"Netflix, Inc.",2018-08-24,08/24/2018,PURCHASE,"$15,001 - $50,000",Senator,15001,50000,32500.5,35.88199996948242,26.21299934387207,-0.07405073849449972,-0.26946660258162364,-0.1954158640871239
AAPL,Apple Inc.,2018-08-24,08/24/2018,PURCHASE,"$15,001 - $50,000",Senator,15001,50000,32500.5,51.109310150146484,41.94405746459961,-0.07405073849449972,-0.1793264800213823,-0.10527574152688257
NFLX,"Netflix, Inc.",2018-08-20,08/20/2018,PURCHASE,"$15,001 - $50,000",Senator,15001,50000,32500.5,32.77299880981445,28.621000289916992,-0.03745886688117676,-0.1266896125066856,-0.08923074562550884
NFLX,"Netflix, Inc.",2018-07-19,07/19/2018,PURCHASE,"$15,001 - $50,000",Senator,15001,50000,32500.5,36.42300033569336,36.470001220703125,0.006140915200097693,0.0012904177189298235,-0.00485049748116787
NFLX,"Netflix, Inc.",2018-06-25,06/25/2018,PURCHASE,"$50,001 - $100,000",Senator,50001,100000,75000.5,38.448001861572266,36.11899948120117,0.08233116330750195,-0.06057538149203193,-0.14290654479953388
MMM,3M Company,2018-04-24,04/24/2018,PURCHASE,"$1,001 - $15,000",Senator,1001,15000,8000.5,126.6061782836914,126.02073669433594,0.07026493886897063,-0.00462411548387194,-0.07488905435284257
MMM,3M Company,2018-04-05,04/05/2018,PURCHASE,"$1,001 - $15,000",Senator,1001,15000,8000.5,137.6471405029297,124.11302947998047,0.024380517769442323,-0.09832467985530842,-0.12270519762475074
NVDA,NVIDIA Corporation,2018-04-25,04/25/2018,PURCHASE,"$1,001 - $15,000",Senator,1001,15000,8000.5,5.353288173675537,6.148987293243408,0.07299875017409767,0.14863745304814194,0.07563870287404427
NFLX,"Netflix, Inc.",2018-04-25,04/25/2018,PURCHASE,"$15,001 - $50,000",Senator,15001,50000,32500.5,30.576000213623047,35.731998443603516,0.07299875017409767,0.16862893099023557,0.0956301808161379
NFLX,"Netflix, Inc.",2018-04-23,04/23/2018,PURCHASE,"$15,001 - $50,000",Senator,15001,50000,32500.5,31.868999481201172,36.10499954223633,0.053891748141846364,0.13291914179903516,0.0790273936571888
ICE,"Intercontinental Exchange, Inc.",2018-02-27,02/27/2018,PURCHASE,"$1,001 - $15,000",Senator,1001,15000,8000.5,65.83103942871094,63.73078536987305,-0.004336333601344468,-0.031903704955354314,-0.027567371354009846
NVDA,NVIDIA Corporation,2018-02-15,02/15/2018,PURCHASE,"$1,001 - $15,000",Senator,1001,15000,8000.5,6.0868000984191895,6.078475475311279,0.0011000344461017816,-0.0013676517995181334,-0.002467686245619915
NFLX,"Netflix, Inc.",2018-02-05,02/05/2018,PURCHASE,"$50,001 - $100,000",Senator,50001,100000,75000.5,25.426000595092773,32.00899887084961,0.01195558732367672,0.258908130326535,0.24695254300285827
AAPL,Apple Inc.,2018-02-05,02/05/2018,PURCHASE,"$15,001 - $50,000",Senator,15001,50000,32500.5,36.580718994140625,43.1468620300293,0.01195558732367672,0.1794973750226291,0.1675417876989524
NVDA,NVIDIA Corporation,2018-02-05,02/05/2018,PURCHASE,"$15,001 - $50,000",Senator,15001,50000,32500.5,5.276871204376221,5.906752586364746,0.01195558732367672,0.11936644985122083,0.10741086252754412
NVDA,NVIDIA Corporation,2017-12-07,12/07/2017,PURCHASE,"$1,001 - $15,000",Senator,1001,15000,8000.5,4.74078893661499,5.975442409515381,0.03826354927968853,0.26043206930489415,0.22216852002520562
NVDA,NVIDIA Corporation,2017-12-01,12/01/2017,PURCHASE,"$1,001 - $15,000",Senator,1001,15000,8000.5,4.88129186630249,5.737502574920654,0.01742570806698916,0.1754065792559812,0.15798087118899204
NVDA,NVIDIA Corporation,2017-11-30,11/30/2017,PURCHASE,"$15,001 - $50,000",Senator,15001,50000,32500.5,4.956112384796143,5.979395389556885,0.030295195671510313,0.20646888635937025,0.17617369068785993
AAPL,Apple Inc.,2017-11-08,11/08/2017,PURCHASE,"$15,001 - $50,000",Senator,15001,50000,32500.5,41.049869537353516,38.109474182128906,0.043980055158120285,-0.07162983435425985,-0.11560988951238013
NFLX,"Netflix, Inc.",2017-11-08,11/08/2017,PURCHASE,"$15,001 - $50,000",Senator,15001,50000,32500.5,19.643999099731445,26.57200050354004,0.043980055158120285,0.352677750015948,0.3086976948578277
NFLX,"Netflix, Inc.",2017-11-07,11/07/2017,PURCHASE,"$1,001 - $15,000",Senator,1001,15000,8000.5,19.589000701904297,25.426000595092773,0.02555008634254674,0.29797333626217326,0.2724232499196265
NVDA,NVIDIA Corporation,2017-09-28,09/28/2017,PURCHASE,"$15,001 - $50,000",Senator,15001,50000,32500.5,4.335037708282471,4.868697643280029,0.07324295713957742,0.12310387380897618,0.049860916669398764
AAPL,Apple Inc.,2017-09-27,09/27/2017,PURCHASE,"$1,001 - $15,000",Senator,1001,15000,8000.5,35.92329025268555,39.87203598022461,0.07400817575433528,0.10992160516933336,0.035913429414998074
NFLX,"Netflix, Inc.",2017-07-31,07/31/2017,PURCHASE,"$15,001 - $50,000",Senator,15001,50000,32500.5,18.166000366210938,19.95400047302246,0.04951547362552708,0.0984256341939326,0.048910160568405525
AAPL,Apple Inc.,2017-06-20,06/20/2017,PURCHASE,"$15,001 - $50,000",Senator,15001,50000,32500.5,33.64364242553711,36.957462310791016,0.03271192008508252,0.09849765502021152,0.06578573493512899
NFLX,"Netflix, Inc.",2017-06-20,06/20/2017,PURCHASE,"$15,001 - $50,000",Senator,15001,50000,32500.5,15.204999923706055,18.461999893188477,0.03271192008508252,0.2142058524054608,0.18149393232037828
NFLX,"Netflix, Inc.",2017-04-07,04/07/2017,PURCHASE,"$1,001 - $15,000",Senator,1001,15000,8000.5,14.310999870300293,14.625,0.027734533075352796,0.02194117340126272,-0.005793359674090077
AAPL,Apple Inc.,2017-03-16,03/16/2017,PURCHASE,"$1,001 - $15,000",Senator,1001,15000,8000.5,32.50718688964844,33.67845153808594,0.0286084740730526,0.03603094455430952,0.007422470481256917
NVDA,NVIDIA Corporation,2017-01-11,01/11/2017,PURCHASE,"$1,001 - $15,000",Senator,1001,15000,8000.5,2.586627960205078,2.4165103435516357,0.03955350090209246,-0.0657681039835179,-0.10532160488561036
AAPL,Apple Inc.,2016-12-15,12/15/2016,PURCHASE,"$1,001 - $15,000",Senator,1001,15000,8000.5,26.64531898498535,32.45405578613281,0.05973456751705395,0.21800214906117982,0.15826758154412587
NFLX,"Netflix, Inc.",2016-06-10,06/10/2016,PURCHASE,"$1,001 - $15,000",Senator,1001,15000,8000.5,9.375,9.965999603271484,0.04558642415531552,0.06303995768229166,0.017453533526976144
NFLX,"Netflix, Inc.",2016-05-18,05/18/2016,PURCHASE,"$1,001 - $15,000",Senator,1001,15000,8000.5,9.050000190734863,9.51200008392334,0.06921841536110815,0.051049710878620654,-0.018168704482487495
NVDA,NVIDIA Corporation,2016-05-18,05/18/2016,PURCHASE,"$1,001 - $15,000",Senator,1001,15000,8000.5,1.0602225065231323,1.5346466302871704,0.06921841536110815,0.44747599758078416,0.378257582219676
NVDA,NVIDIA Corporation,2016-04-19,04/19/2016,PURCHASE,"$1,001 - $15,000",Senator,1001,15000,8000.5,0.8878385424613953,1.2985655069351196,0.03637674289087878,0.46261447868105304,0.42623773579017427
NVDA,NVIDIA Corporation,2016-04-26,04/26/2016,PURCHASE,"$1,001 - $15,000",Senator,1001,15000,8000.5,0.8919950723648071,1.365001916885376,0.0423929252500883,0.5302796609252108,0.48788673567512253
MMM,3M Company,2016-04-19,04/19/2016,PURCHASE,"$1,001 - $15,000",Senator,1001,15000,8000.5,101.75170135498047,109.34838104248047,0.03637674289087878,0.07465899426091673,0.03828225137003795
AAPL,Apple Inc.,2016-04-27,04/27/2016,PURCHASE,"$1,001 - $15,000",Senator,1001,15000,8000.5,22.133928298950195,22.00688934326172,0.040731491344902136,-0.005739557568481957,-0.04647104891338409
AAPL,Apple Inc.,2016-04-26,04/26/2016,PURCHASE,"$1,001 - $15,000",Senator,1001,15000,8000.5,23.61148452758789,22.1594181060791,0.0423929252500883,-0.061498311121106354,-0.10389123637119466
AAPL,Apple Inc.,2016-03-22,03/22/2016,PURCHASE,"$1,001 - $15,000",Senator,1001,15000,8000.5,24.147750854492188,21.649477005004883,0.021367443498964425,-0.10345782779279225,-0.12482527129175668
AAPL,Apple Inc.,2016-02-25,02/25/2016,PURCHASE,"$1,001 - $15,000",Senator,1001,15000,8000.5,21.894075393676758,22.67845916748047,0.07578701429536573,0.03582630276454832,-0.039960711530817414
AAPL,Apple Inc.,2016-02-23,02/23/2016,PURCHASE,"$1,001 - $15,000",Senator,1001,15000,8000.5,21.425689697265625,21.952253341674805,0.07252700900740998,0.02457627510942532,-0.047950733897984654
AAPL,Apple Inc.,2016-02-16,02/16/2016,PURCHASE,"$1,001 - $15,000",Senator,1001,15000,8000.5,21.866928100585938,21.371749877929688,0.09519686812352063,-0.022645074807877627,-0.11784194293139826
AAPL,Apple Inc.,2016-02-16,02/16/2016,PURCHASE,"$1,001 - $15,000",Senator,1001,15000,8000.5,21.866928100585938,21.371749877929688,0.09519686812352063,-0.022645074807877627,-0.11784194293139826
AAPL,Apple Inc.,2016-02-12,02/12/2016,PURCHASE,"$1,001 - $15,000",Senator,1001,15000,8000.5,21.267301559448242,20.565866470336914,0.1124974906487267,-0.03298185654398207,-0.14547934719270877
AAPL,Apple Inc.,2016-02-11,02/11/2016,PURCHASE,"$1,001 - $15,000",Senator,1001,15000,8000.5,21.20168685913086,21.05986785888672,0.13510359555686471,-0.006689043243889998,-0.1417926388007547
AAPL,Apple Inc.,2016-02-03,02/03/2016,PURCHASE,"$1,001 - $15,000",Senator,1001,15000,8000.5,21.683645248413086,21.53656768798828,0.08323722303914659,-0.006782879849759972,-0.09002010288890656
AAPL,Apple Inc.,2016-02-01,02/01/2016,PURCHASE,"$1,001 - $15,000",Senator,1001,15000,8000.5,21.7016544342041,21.21074104309082,0.07097462270623776,-0.022621012264371413,-0.09359563497060917
AAPL,Apple Inc.,2016-01-28,01/28/2016,PURCHASE,"$50,001 - $100,000",Senator,50001,100000,75000.5,21.175031661987305,22.133928298950195,0.11273724201329287,0.04528430711554823,-0.06745293489774465
AAPL,Apple Inc.,2016-01-28,01/28/2016,PURCHASE,"$1,001 - $15,000",Senator,1001,15000,8000.5,21.175031661987305,22.133928298950195,0.11273724201329287,0.04528430711554823,-0.06745293489774465
AAPL,Apple Inc.,2016-01-27,01/27/2016,PURCHASE,"$15,001 - $50,000",Senator,15001,50000,32500.5,21.02425193786621,23.611482620239258,0.1162365464777632,0.12305934546537924,0.0068227989876160355
AAPL,Apple Inc.,2016-01-27,01/27/2016,PURCHASE,"$1,001 - $15,000",Senator,1001,15000,8000.5,21.02425193786621,23.611482620239258,0.1162365464777632,0.12305934546537924,0.0068227989876160355
AAPL,Apple Inc.,2016-01-27,01/27/2016,PURCHASE,"$1,001 - $15,000",Senator,1001,15000,8000.5,21.02425193786621,23.611482620239258,0.1162365464777632,0.12305934546537924,0.0068227989876160355
AAPL,Apple Inc.,2016-01-27,01/27/2016,PURCHASE,"$1,001 - $15,000",Senator,1001,15000,8000.5,21.02425193786621,23.611482620239258,0.1162365464777632,0.12305934546537924,0.0068227989876160355
NVDA,NVIDIA Corporation,2016-01-05,01/05/2016,PURCHASE,"$1,001 - $15,000",Senator,1001,15000,8000.5,0.8012946248054504,0.8753681778907776,0.029567633980757145,0.09244234366767624,0.0628747096869191
NVDA,NVIDIA Corporation,2016-01-06,01/06/2016,PURCHASE,"$1,001 - $15,000",Senator,1001,15000,8000.5,0.7681609392166138,0.8741456866264343,0.0323067059216474,0.13797206027932893,0.10566535435768153
NFLX,"Netflix, Inc.",2016-01-05,01/05/2016,PURCHASE,"$1,001 - $15,000",Senator,1001,15000,8000.5,10.765999794006348,10.4350004196167,0.029567633980757145,-0.03074488024548566,-0.0603125142262428
AAPL,Apple Inc. (NASDAQ),2016-01-05,01/05/2016,PURCHASE,"$1,001 - $15,000",Senator,1001,15000,8000.5,23.114974975585938,25.14334487915039,0.029567633980757145,0.08775133460913627,0.058183700628379124
AAPL,Apple Inc. (NASDAQ),2015-08-21,08/21/2015,PURCHASE,"$15,001 - $50,000",Senator,15001,50000,32500.5,23.699928283691406,26.731534957885742,0.05966837866789178,0.12791628050117226,0.06824790183328049
AAPL,Apple Inc. (NASDAQ),2015-08-24,08/24/2015,PURCHASE,"$15,001 - $50,000",Senator,15001,50000,32500.5,23.108327865600586,26.84856414794922,0.11028037148499835,0.16185663904814188,0.05157626756314353
NFLX,"Netflix, Inc. (NASDAQ)",2015-07-15,07/15/2015,PURCHASE,"$1,001 - $15,000",Senator,1001,15000,8000.5,9.812999725341797,10.972999572753906,-0.04424777761344299,0.11821052480175274,0.16245830241519574
AAPL,Apple Inc. (NASDAQ),2015-07-27,07/27/2015,PURCHASE,"$1,001 - $15,000",Senator,1001,15000,8000.5,27.38775062561035,26.684831619262695,0.008698685930760989,-0.025665452265742298,-0.03436413819650329
AAPL,Apple Inc. (NASDAQ),2015-07-24,07/24/2015,PURCHASE,"$1,001 - $15,000",Senator,1001,15000,8000.5,27.773691177368164,25.88258171081543,-0.008042718992646058,-0.0680899580281117,-0.06004723903546564
NFLX,"Netflix, Inc. (NASDAQ)",2015-05-07,05/07/2015,PURCHASE,"$15,001 - $50,000",Senator,15001,50000,32500.5,8.074856758117676,12.371000289916992,0.010637515737604658,0.5320395965514052,0.5214020808138006
AAPL,Apple Inc. (NASDAQ),2015-05-14,05/14/2015,PURCHASE,"$1,001 - $15,000",Senator,1001,15000,8000.5,28.766399383544922,25.824312210083008,-0.010714737289741793,-0.10227512780570165,-0.09156039051595986
AAPL,Apple Inc. (NASDAQ),2015-05-28,05/28/2015,PURCHASE,"$1,001 - $15,000",Senator,1001,15000,8000.5,29.39773178100586,24.580608367919922,-0.08026974107903356,-0.16386037701719303,-0.08359063593815946
NFLX,"Netflix, Inc. (NASDAQ)",2015-04-14,04/14/2015,PURCHASE,"$15,001 - $50,000",Senator,15001,50000,32500.5,6.838714122772217,10.10871410369873,0.006207410687431953,0.478160063752007,0.471952653064575
AAPL,Apple Inc. (NASDAQ),2015-04-22,04/22/2015,PURCHASE,"$1,001 - $15,000",Senator,1001,15000,8000.5,28.573436737060547,29.167949676513672,0.010207056509017636,0.02080649048009073,0.010599433971073095
NFLX,"Netflix, Inc. (NASDAQ)",2015-04-07,04/07/2015,PURCHASE,"$1,001 - $15,000",Senator,1001,15000,8000.5,6.049428939819336,9.45714282989502,0.002149785101341562,0.5633116652788476,0.561161880177506
AAPL,Apple Inc. (NASDAQ),2015-03-25,03/25/2015,PURCHASE,"$1,001 - $15,000",Senator,1001,15000,8000.5,27.409345626831055,28.33808135986328,0.03553417954313108,0.033883907542947164,-0.0016502720001839166
AAPL,Apple Inc. (NASDAQ),2015-03-17,03/17/2015,PURCHASE,"$1,001 - $15,000",Senator,1001,15000,8000.5,28.222423553466797,28.313547134399414,0.010018727764499361,0.003228765267447193,-0.006789962497052169
AAPL,Apple Inc. (NASDAQ),2015-02-12,02/12/2015,PURCHASE,"$1,001 - $15,000",Senator,1001,15000,8000.5,28.09358024597168,28.110544204711914,0.009752520626523209,0.0006038375526261672,-0.009148683073897042
MMM,3M Company (NYSE),2015-02-20,02/20/2015,PURCHASE,"$25,000,001 - $50,000,000",Senator,25000001,50000000,37500000.5,98.14921569824219,95.20964813232422,0.015210081101485163,-0.029949985285217265,-0.045160066386702426
AAPL,Apple Inc. (NASDAQ),2015-01-28,01/28/2015,PURCHASE,"$1,001 - $15,000",Senator,1001,15000,8000.5,25.515867233276367,29.004411697387695,0.0611760909659306,0.13672059163098965,0.07554450066505905
NFLX,"Netflix, Inc. (NASDAQ)",2015-01-27,01/27/2015,PURCHASE,"$15,001 - $50,000",Senator,15001,50000,32500.5,6.488142967224121,8.086856842041016,0.044248585882147126,0.24640546345742537,0.20215687757527823
AAPL,Apple Inc. (NASDAQ),2015-01-13,01/13/2015,PURCHASE,"$1,001 - $15,000",Senator,1001,15000,8000.5,24.389535903930664,28.180221557617188,0.03930794569861093,0.1554226233995543,0.11611467770094336
NFLX,"Netflix, Inc. (NASDAQ)",2014-11-07,11/07/2014,PURCHASE,"$15,001 - $50,000",Senator,15001,50000,32500.5,5.48799991607666,6.413000106811523,0.019266280902576528,0.16854960001459707,0.14928331911202053
AAPL,Apple Inc. (NASDAQ),2014-11-10,11/10/2014,PURCHASE,"$1,001 - $15,000",Senator,1001,15000,8000.5,24.08196258544922,26.420757293701172,0.013258683330725931,0.09711811070020919,0.08385942736948326
AAPL,Apple Inc. (NASDAQ),2014-09-02,09/02/2014,PURCHASE,"$1,001 - $15,000",Senator,1001,15000,8000.5,22.759586334228516,25.462753295898438,0.03046591297784357,0.11877047860068461,0.08830456562284104
NFLX,"Netflix, Inc. (NASDAQ)",2014-09-22,09/22/2014,PURCHASE,"$15,001 - $50,000",Senator,15001,50000,32500.5,6.3254289627075195,4.858857154846191,0.04273122662471493,-0.231853336193911,-0.2745845628186259
AAPL,Apple Inc. (NASDAQ),2014-09-12,09/12/2014,PURCHASE,"$1,001 - $15,000",Senator,1001,15000,8000.5,22.39826011657715,24.699337005615234,0.030203720081386446,0.10273462657642049,0.07253090649503405
NFLX,"Netflix, Inc. (NASDAQ)",2014-09-12,09/12/2014,PURCHASE,"$15,001 - $50,000",Senator,15001,50000,32500.5,6.807857036590576,4.780428886413574,0.030203720081386446,-0.29780709836885066,-0.3280108184502371
NFLX,"Netflix, Inc. (NASDAQ)",2014-09-02,09/02/2014,PURCHASE,"$15,001 - $50,000",Senator,15001,50000,32500.5,6.808570861816406,4.882999897003174,0.03046591297784357,-0.28281573385865066,-0.31328164683649423
AAPL,Apple Inc. (NASDAQ),2014-08-01,08/01/2014,PURCHASE,"$1,001 - $15,000",Senator,1001,15000,8000.5,21.075029373168945,23.570390701293945,0.040581664186370166,0.11840369396124761,0.07782202977487745
AAPL,Apple Inc. (NASDAQ),2014-07-30,07/30/2014,PURCHASE,"$1,001 - $15,000",Senator,1001,15000,8000.5,21.517885208129883,23.51750946044922,0.011967750623924304,0.09292847475382192,0.08096072412989762
AAPL,Apple Inc. (NASDAQ),2014-03-28,03/28/2014,PURCHASE,"$1,001 - $15,000",Senator,1001,15000,8000.5,16.720657348632812,19.928436279296875,0.05868990152304872,0.19184526444029731,0.1331553629172486
AAPL,Apple Inc. (NASDAQ),2014-03-07,03/07/2014,PURCHASE,"$50,001 - $100,000",Senator,50001,100000,75000.5,16.520702362060547,20.274511337280273,0.03743846208484104,0.2272184858096755,0.18978002372483443
NFLX,"Netflix, Inc. (NASDAQ)",2014-03-06,03/06/2014,PURCHASE,"$15,001 - $50,000",Senator,15001,50000,32500.5,6.435856819152832,6.045856952667236,0.031154304191482043,-0.06059797124836167,-0.09175227543984371
NFLX,"Netflix, Inc. (NASDAQ)",2014-03-06,03/06/2014,PURCHASE,"$15,001 - $50,000",Senator,15001,50000,32500.5,6.435856819152832,6.045856952667236,0.031154304191482043,-0.06059797124836167,-0.09175227543984371
